"0,0","0,1","1,0","1,1","2,0","2,1"
0.179478317499161,0.190758615732193,0.148763820528984,0.16181842982769,0.158640250563622,0.160540565848351
0.18799564242363,0.179112881422043,0.170613884925842,0.152776345610619,0.15470989048481,0.154791340231895
0.147314369678497,0.162374168634415,0.161347717046738,0.170095384120941,0.166373565793037,0.192494764924049
0.166594192385674,0.161601319909096,0.187975034117699,0.161363393068314,0.155593663454056,0.166872337460518
0.187804266810417,0.159398794174194,0.1679358035326,0.171267673373222,0.165776997804642,0.147816479206085
0.183096155524254,0.158526211977005,0.16479417681694,0.160792365670204,0.165697887539864,0.167093306779861
0.170554891228676,0.176731988787651,0.158405125141144,0.172196313738823,0.168437197804451,0.153674498200417
0.160494223237038,0.164437681436539,0.175096422433853,0.159588187932968,0.174288660287857,0.166094824671745
0.160909816622734,0.168499499559402,0.162027880549431,0.171635687351227,0.168089881539345,0.168837234377861
0.164392799139023,0.180633828043938,0.163955062627792,0.168423175811768,0.171003177762032,0.151591926813126
0.158337846398354,0.153104946017265,0.166367962956429,0.180964395403862,0.169931054115295,0.171293795108795
0.170745462179184,0.16313262283802,0.162611439824104,0.169183179736137,0.179119080305099,0.15520815551281
0.165890038013458,0.16140353679657,0.171215906739235,0.153349474072456,0.177801206707954,0.170339852571487
0.161045610904694,0.187845259904861,0.150773718953133,0.186353579163551,0.153322711586952,0.160659089684486
0.165685191750526,0.165846958756447,0.158883646130562,0.165105059742928,0.164132550358772,0.180346593260765
0.177873462438583,0.15293961763382,0.167856737971306,0.150792837142944,0.159772828221321,0.190764546394348
0.154321834445,0.17817310988903,0.160460039973259,0.183132857084274,0.168907985091209,0.155004218220711
0.193017661571503,0.181288212537766,0.147919997572899,0.144934996962547,0.168988391757011,0.163850754499435
0.165198788046837,0.156318008899689,0.177588865160942,0.180124193429947,0.165188848972321,0.15558123588562
0.176415622234344,0.180887058377266,0.13974192738533,0.169819086790085,0.16209951043129,0.171036779880524
0.164635255932808,0.173327624797821,0.157004937529564,0.174923613667488,0.168077453970909,0.162031054496765
0.175448417663574,0.175551265478134,0.149031668901443,0.164309903979301,0.164720147848129,0.170938655734062
0.181762278079987,0.17228239774704,0.174825921654701,0.164837762713432,0.154440999031067,0.15185059607029
0.156252086162567,0.169244155287743,0.178900733590126,0.163315191864967,0.16530741751194,0.16698046028614
0.155757755041122,0.1757473051548,0.165623381733894,0.174606248736382,0.161828339099884,0.166436985135078
0.181476145982742,0.172015696763992,0.149716913700104,0.167924493551254,0.154307454824448,0.174559265375137
0.174138844013214,0.165698170661926,0.164281070232391,0.161747604608536,0.164501056075096,0.169633269309998
0.165338113903999,0.190625727176666,0.171256542205811,0.145561277866364,0.163466528058052,0.163751810789108
0.167978152632713,0.187752574682236,0.15040235221386,0.162462368607521,0.160155236721039,0.171249315142632
0.155266806483269,0.166036680340767,0.186794698238373,0.155750259757042,0.17156457901001,0.164586946368217
0.17583441734314,0.155983850359917,0.172114610671997,0.163828551769257,0.178754538297653,0.153484046459198
0.156808763742447,0.160715222358704,0.163309872150421,0.181225597858429,0.160013750195503,0.177926734089851
0.151245176792145,0.181674137711525,0.175511047244072,0.157434210181236,0.173948705196381,0.160186663269997
0.167238682508469,0.158176898956299,0.152051463723183,0.176072746515274,0.183284297585487,0.163175940513611
0.178028285503387,0.167851731181145,0.161264255642891,0.158814832568169,0.169940039515495,0.164100930094719
0.15832032263279,0.179629236459732,0.165613666176796,0.176503255963326,0.14362807571888,0.176305413246155
0.155353710055351,0.168142512440681,0.168610990047455,0.156475201249123,0.145115301012993,0.206302300095558
0.161973476409912,0.183010801672935,0.172005981206894,0.163784429430962,0.159459963440895,0.159765273332596
0.160894557833672,0.169907972216606,0.178491503000259,0.148848980665207,0.181486800312996,0.16037018597126
0.149848476052284,0.166306346654892,0.165183559060097,0.178448721766472,0.164067149162292,0.176145702600479
0.170013785362244,0.159778773784637,0.167868986725807,0.180448979139328,0.175900384783745,0.145989120006561
0.155397608876228,0.176810741424561,0.163351997733116,0.151543259620667,0.171291723847389,0.181604668498039
0.154444441199303,0.172975018620491,0.170418173074722,0.178785607218742,0.166213124990463,0.157163545489311
0.178155183792114,0.170543074607849,0.176336973905563,0.177874997258186,0.152690231800079,0.144399523735046
0.1690983325243,0.170517295598984,0.152090907096863,0.177980244159698,0.159693866968155,0.170619338750839
0.18293297290802,0.17703565955162,0.152837082743645,0.155996412038803,0.164587050676346,0.166610777378082
0.17866013944149,0.153495699167252,0.162825763225555,0.168253228068352,0.170979216694832,0.165785923600197
0.188307344913483,0.172229766845703,0.149987742304802,0.160994604229927,0.14721567928791,0.181264847517014
0.157636195421219,0.176583245396614,0.16998516023159,0.173886105418205,0.152188539505005,0.169720783829689
0.175548255443573,0.19246481359005,0.144421502947807,0.165389016270638,0.145508587360382,0.176667809486389
0.17906379699707,0.16502158343792,0.160809636116028,0.166322335600853,0.168860897421837,0.159921750426292
0.151132360100746,0.176692619919777,0.180212453007698,0.170678645372391,0.155015766620636,0.166268184781075
0.145921304821968,0.166475608944893,0.165606126189232,0.170030295848846,0.180781856179237,0.171184837818146
0.166958943009377,0.182449921965599,0.156085327267647,0.171671435236931,0.156580105423927,0.166254326701164
0.192841604351997,0.154055640101433,0.163017973303795,0.139145269989967,0.162203714251518,0.188735798001289
0.187394440174103,0.169319748878479,0.156985580921173,0.167014166712761,0.149466440081596,0.169819712638855
0.194595053792,0.166803866624832,0.156643196940422,0.176508814096451,0.166158139705658,0.139290884137154
0.157718315720558,0.164716377854347,0.166952311992645,0.173430263996124,0.161294147372246,0.175888508558273
0.151781558990479,0.180245220661163,0.157322034239769,0.173311039805412,0.167346954345703,0.169993162155151
0.177345767617226,0.170010045170784,0.161349281668663,0.171993300318718,0.173910960555077,0.145390689373016
0.157806694507599,0.163852855563164,0.18406842648983,0.156648889183998,0.157690227031708,0.179932877421379
0.173877164721489,0.182298064231873,0.166681811213493,0.174842730164528,0.160677865147591,0.141622349619865
0.161556988954544,0.162203818559647,0.18689401447773,0.163831681013107,0.152813881635666,0.172699615359306
0.167451977729797,0.170324563980103,0.164107576012611,0.162208363413811,0.172515615820885,0.163391828536987
0.16382247209549,0.151742368936539,0.179332256317139,0.167025700211525,0.174452573060989,0.163624569773674
0.158326789736748,0.159542798995972,0.172494068741798,0.175785899162292,0.171667963266373,0.162182494997978
0.171979963779449,0.171478718519211,0.151278138160706,0.167705208063126,0.179658114910126,0.157899871468544
0.15723030269146,0.152058973908424,0.162464678287506,0.174185454845428,0.193936064839363,0.160124510526657
0.184415116906166,0.164607673883438,0.184998527169228,0.159713506698608,0.162426710128784,0.14383839070797
0.157879650592804,0.168018013238907,0.161435395479202,0.167301118373871,0.177453115582466,0.167912721633911
0.174920424818993,0.157698899507523,0.179957494139671,0.163359239697456,0.166347295045853,0.157716661691666
0.16488191485405,0.160762324929237,0.176337718963623,0.1730727404356,0.165344327688217,0.159600958228111
0.173766151070595,0.167301341891289,0.165876373648643,0.161475524306297,0.155450358986855,0.176130205392838
0.164251998066902,0.191666379570961,0.152521833777428,0.168088525533676,0.165664076805115,0.157807186245918
0.150936588644981,0.178902596235275,0.180668368935585,0.166240900754929,0.152526572346687,0.170725032687187
0.158766984939575,0.167095869779587,0.170931935310364,0.1783307492733,0.165190801024437,0.159683674573898
0.155317589640617,0.157952353358269,0.160701870918274,0.183311954140663,0.157116636633873,0.185599535703659
0.145048931241035,0.158226728439331,0.176188305020332,0.169738069176674,0.172377288341522,0.178420692682266
0.155515283346176,0.155394494533539,0.169002145528793,0.176450505852699,0.169986575841904,0.173650979995728
0.17455880343914,0.177736431360245,0.164123445749283,0.15754759311676,0.163424760103226,0.162608936429024
0.159518241882324,0.185348689556122,0.18246953189373,0.158569484949112,0.162111565470695,0.151982426643372
0.163584113121033,0.166220858693123,0.156628310680389,0.159944623708725,0.173704475164413,0.179917618632317
0.165806025266647,0.148086652159691,0.193024069070816,0.168435245752335,0.162360027432442,0.162287980318069
0.163193106651306,0.165793225169182,0.181030988693237,0.159274369478226,0.158588945865631,0.172119438648224
0.170331746339798,0.172059819102287,0.144830375909805,0.169647306203842,0.174428924918175,0.168701782822609
0.162747293710709,0.172257363796234,0.165734320878983,0.16401880979538,0.166347607970238,0.168894618749619
0.15755121409893,0.183295980095863,0.182654052972794,0.154792979359627,0.162290528416634,0.159415245056152
0.159062102437019,0.160645127296448,0.171145096421242,0.160752519965172,0.173486098647118,0.174909070134163
0.174113556742668,0.149632006883621,0.179413467645645,0.156365126371384,0.161434799432755,0.179041057825089
0.188638061285019,0.166017919778824,0.15189166367054,0.163242563605309,0.165513753890991,0.164696097373962
0.169586181640625,0.173512861132622,0.150299936532974,0.172295913100243,0.181473150849342,0.152831941843033
0.189266249537468,0.155844613909721,0.147806838154793,0.185579434037209,0.163721099495888,0.157781764864922
0.163887456059456,0.171062037348747,0.178416401147842,0.162303313612938,0.16009433567524,0.164236545562744
0.170254290103912,0.165044173598289,0.152634620666504,0.179551422595978,0.159733802080154,0.172781676054001
0.190501734614372,0.176628515124321,0.16106653213501,0.148426562547684,0.176510736346245,0.14686593413353
0.158585652709007,0.186515927314758,0.162949845194817,0.176467388868332,0.153813928365707,0.161667227745056
0.169181779026985,0.164473250508308,0.160897225141525,0.180783450603485,0.168668940663338,0.155995428562164
0.161467880010605,0.169607445597649,0.164574295282364,0.159816905856133,0.174884095788002,0.169649392366409
0.168315455317497,0.165061086416245,0.160775497555733,0.153588995337486,0.178016200661659,0.174242824316025
0.179385408759117,0.157529667019844,0.143884584307671,0.18098820745945,0.165587216615677,0.17262490093708
0.169007033109665,0.152052640914917,0.145401805639267,0.187571868300438,0.163673982024193,0.18229267001152
0.148897171020508,0.170230805873871,0.187030866742134,0.161605134606361,0.160808280110359,0.171427711844444
0.170081853866577,0.168667405843735,0.172010570764542,0.156341001391411,0.165853962302208,0.167045190930367
0.159803777933121,0.172737643122673,0.165183916687965,0.164300844073296,0.165544345974922,0.172429516911507
0.170068100094795,0.156275883316994,0.165638133883476,0.163448095321655,0.182920783758163,0.161648973822594
0.168089210987091,0.170500755310059,0.149177432060242,0.176295503973961,0.176790028810501,0.159147039055824
0.157809719443321,0.173790156841278,0.176304265856743,0.176780983805656,0.160070717334747,0.155244201421738
0.153556779026985,0.16292031109333,0.182223320007324,0.159966230392456,0.166863575577736,0.174469769001007
0.139955222606659,0.159157514572144,0.183597430586815,0.173371881246567,0.187455922365189,0.156462013721466
0.163092449307442,0.195034489035606,0.13937471807003,0.206585347652435,0.145269751548767,0.150643318891525
0.163008198142052,0.167244836688042,0.187179058790207,0.168223142623901,0.147544533014297,0.166800290346146
0.156978935003281,0.176630601286888,0.165091261267662,0.164359450340271,0.157340347766876,0.179599404335022
0.149931982159615,0.172109588980675,0.166748970746994,0.162820532917976,0.181910678744316,0.166478186845779
0.171828776597977,0.17773362994194,0.158077910542488,0.170761987566948,0.151110604405403,0.17048716545105
0.172923773527145,0.161844104528427,0.165553465485573,0.163526967167854,0.169766560196877,0.166385143995285
0.171556994318962,0.161331728100777,0.175261750817299,0.169126093387604,0.164629459381104,0.158093973994255
0.173332095146179,0.152563363313675,0.1621283441782,0.165735185146332,0.171398684382439,0.174842357635498
0.166287511587143,0.164323627948761,0.163817286491394,0.166163712739944,0.166456967592239,0.172950893640518
0.15277661383152,0.164158582687378,0.169819965958595,0.169469445943832,0.15104466676712,0.192730784416199
0.178972885012627,0.165040075778961,0.168454721570015,0.164880394935608,0.166975781321526,0.155676171183586
0.157936587929726,0.171792402863503,0.165446043014526,0.172836497426033,0.153362661600113,0.178625851869583
0.168330565094948,0.145221143960953,0.181655839085579,0.170749574899673,0.174324914813042,0.159717917442322
0.164358049631119,0.169355243444443,0.165922477841377,0.172272846102715,0.156849041581154,0.171242341399193
0.180684104561806,0.178493320941925,0.163939818739891,0.160647958517075,0.158760622143745,0.157474234700203
0.169199988245964,0.157794281840324,0.168249502778053,0.181569039821625,0.165039926767349,0.158147275447845
0.184709548950195,0.177534118294716,0.149508610367775,0.165927082300186,0.154881700873375,0.167438924312592
0.151353120803833,0.170173928141594,0.177424028515816,0.178019776940346,0.172279462218285,0.150749713182449
0.181763216853142,0.169841125607491,0.16652537882328,0.152320623397827,0.167084604501724,0.162465021014214
0.168181657791138,0.165342882275581,0.152611643075943,0.17165070772171,0.161241725087166,0.180971398949623
0.179507955908775,0.15191051363945,0.166378527879715,0.164691761136055,0.188448414206505,0.149062767624855
0.17310144007206,0.178825989365578,0.159078285098076,0.163760632276535,0.16925111413002,0.155982509255409
0.163298606872559,0.178826421499252,0.16130718588829,0.158022403717041,0.173849508166313,0.164695888757706
0.163080975413322,0.167985424399376,0.162183821201324,0.162786602973938,0.17949877679348,0.164464458823204
0.16484746336937,0.166524887084961,0.161047771573067,0.166601806879044,0.184883937239647,0.156094133853912
0.170534938573837,0.194817617535591,0.151967495679855,0.167560920119286,0.164320945739746,0.150798052549362
0.167092889547348,0.181179076433182,0.173770949244499,0.16180819272995,0.157353863120079,0.158795043826103
0.163305848836899,0.16528394818306,0.180452346801758,0.160282298922539,0.162595868110657,0.168079659342766
0.167122885584831,0.162382617592812,0.172209948301315,0.16042360663414,0.179275870323181,0.158585071563721
0.169519633054733,0.153475701808929,0.177724406123161,0.14893826842308,0.169972687959671,0.180369347333908
0.190365001559258,0.177697867155075,0.158666715025902,0.142142191529274,0.158747345209122,0.172380939126015
0.175126597285271,0.1698949187994,0.152926504611969,0.161656633019447,0.162136182188988,0.178259134292603
0.171431317925453,0.179230734705925,0.164940282702446,0.1572645008564,0.16006426513195,0.167068913578987
0.162677243351936,0.148390412330627,0.172717437148094,0.164289265871048,0.178678095340729,0.173247516155243
0.183448657393456,0.176462173461914,0.179547116160393,0.16646221280098,0.157452747225761,0.136627033352852
0.157077968120575,0.140905037522316,0.182688072323799,0.169178083539009,0.186604261398315,0.163546547293663
0.167163595557213,0.166908755898476,0.16708604991436,0.160069763660431,0.161020070314407,0.177751705050468
0.172856643795967,0.154908388853073,0.204566523432732,0.155782088637352,0.155210450291634,0.15667587518692
0.175564989447594,0.182542219758034,0.166224986314774,0.169900670647621,0.158779621124268,0.14698751270771
0.178242713212967,0.160961344838142,0.174141764640808,0.175855234265327,0.137796014547348,0.173003003001213
0.146860018372536,0.168133720755577,0.173049360513687,0.176180586218834,0.161335915327072,0.174440324306488
0.161133989691734,0.165031507611275,0.184019282460213,0.156921073794365,0.16927807033062,0.16361603140831
0.161997228860855,0.167520552873611,0.169478744268417,0.176993921399117,0.151561886072159,0.172447681427002
0.149795100092888,0.166470468044281,0.174427255988121,0.179007142782211,0.173806488513947,0.156493544578552
0.161217659711838,0.16986195743084,0.155970588326454,0.167877748608589,0.179379031062126,0.165693074464798
0.16998702287674,0.16845791041851,0.164302796125412,0.168053239583969,0.167166262865067,0.16203285753727
0.152963981032372,0.159269362688065,0.162592217326164,0.168938845396042,0.178024590015411,0.178211003541946
0.160873025655746,0.172810181975365,0.166553661227226,0.156553402543068,0.183936178684235,0.159273579716682
0.171115934848785,0.161033377051353,0.163834065198898,0.163081526756287,0.169652029871941,0.171283066272736
0.157063812017441,0.180049106478691,0.161390662193298,0.155042111873627,0.171561226248741,0.174893021583557
0.164514496922493,0.16513067483902,0.157399341464043,0.180962219834328,0.172790125012398,0.159203082323074
0.171868368983269,0.165270775556564,0.148703813552856,0.170997634530067,0.17113833129406,0.172021135687828
0.187093615531921,0.159359395503998,0.156670406460762,0.159920677542686,0.176606416702271,0.160349547863007
0.191585794091225,0.161296308040619,0.169818684458733,0.158666357398033,0.163901031017303,0.15473185479641
0.161757364869118,0.129758298397064,0.163681924343109,0.159801378846169,0.188763573765755,0.196237429976463
0.192097052931786,0.175616055727005,0.170224577188492,0.160227403044701,0.151230901479721,0.150603994727135
0.167864695191383,0.162617653608322,0.154403865337372,0.193057462573051,0.160181373357773,0.161874920129776
0.155760690569878,0.172017112374306,0.156540498137474,0.171906441450119,0.165814742445946,0.177960529923439
0.17098793387413,0.146469116210938,0.163320794701576,0.169658109545708,0.184181466698647,0.165382608771324
0.16391621530056,0.165634363889694,0.168167933821678,0.171210691332817,0.156933605670929,0.174137130379677
0.173038855195045,0.174370631575584,0.159137725830078,0.160028368234634,0.176620543003082,0.156803965568542
0.166711255908012,0.156895339488983,0.178526476025581,0.163605555891991,0.168332740664482,0.165928661823273
0.152989909052849,0.163863152265549,0.161863446235657,0.160506963729858,0.179609835147858,0.181166708469391
0.162742376327515,0.165136054158211,0.1835086196661,0.162349298596382,0.17262227833271,0.153641387820244
0.171935230493546,0.15522974729538,0.157089486718178,0.175639897584915,0.171540766954422,0.168564841151237
0.173527091741562,0.170540928840637,0.158273577690125,0.156853526830673,0.166599467396736,0.174205452203751
0.175277724862099,0.157583475112915,0.158212929964066,0.165290251374245,0.174748048186302,0.168887615203857
0.180412039160728,0.14791713654995,0.167181566357613,0.155236005783081,0.176084533333778,0.173168674111366
0.163443058729172,0.164375334978104,0.16127373278141,0.170336097478867,0.170133501291275,0.170438304543495
0.160408213734627,0.163833126425743,0.167272135615349,0.169767439365387,0.160872712731361,0.177846401929855
0.153051689267159,0.176609441637993,0.162760257720947,0.178726881742477,0.17482678592205,0.154024884104729
0.155215755105019,0.167847469449043,0.175704061985016,0.169394239783287,0.16485883295536,0.166979685425758
0.149515882134438,0.170523717999458,0.183538541197777,0.162184223532677,0.160131335258484,0.174106314778328
0.163059964776039,0.199678897857666,0.15341953933239,0.16442859172821,0.166768968105316,0.152644008398056
0.157661616802216,0.165578946471214,0.1641755849123,0.161951243877411,0.173871695995331,0.176760956645012
0.157607331871986,0.155264258384705,0.183432549238205,0.167632043361664,0.172815561294556,0.163248285651207
0.16785529255867,0.173236474394798,0.132072955369949,0.173433735966682,0.167016342282295,0.186385229229927
0.192071929574013,0.164189487695694,0.1573506295681,0.163664519786835,0.154845759272575,0.167877659201622
0.157669275999069,0.167606174945831,0.175250574946404,0.167914167046547,0.152692914009094,0.178866863250732
0.164446368813515,0.156239062547684,0.161659568548203,0.162221789360046,0.154253959655762,0.201179325580597
0.162684813141823,0.160731256008148,0.171356052160263,0.170678839087486,0.160487666726112,0.174061387777328
0.173748373985291,0.156845778226852,0.160922080278397,0.158536821603775,0.17560401558876,0.174343004822731
0.179648071527481,0.162686601281166,0.162955716252327,0.166973531246185,0.17065703868866,0.157078966498375
0.157273262739182,0.169290289282799,0.158620446920395,0.168769836425781,0.166630133986473,0.179416060447693
0.168374642729759,0.170262441039085,0.161995768547058,0.16760927438736,0.168135657906532,0.163622200489044
0.168034538626671,0.170957759022713,0.180465042591095,0.15141324698925,0.167804583907127,0.161324828863144
0.185234040021896,0.155668005347252,0.165053367614746,0.15063638985157,0.166640177369118,0.176768019795418
0.178712010383606,0.14985603094101,0.152805492281914,0.167509019374847,0.171252831816673,0.179864600300789
0.159587502479553,0.173187524080276,0.163692310452461,0.157671451568604,0.169795021414757,0.176066175103188
0.151916369795799,0.178917303681374,0.165969282388687,0.176419004797935,0.157566219568253,0.169211804866791
0.168253511190414,0.176064431667328,0.172002866864204,0.166921928524971,0.144859284162521,0.171897977590561
0.175559192895889,0.151984065771103,0.156809344887733,0.170847728848457,0.167419761419296,0.177379935979843
0.175800740718842,0.172919750213623,0.186156079173088,0.156212672591209,0.149747923016548,0.159162864089012
0.167603582143784,0.173822551965714,0.155630365014076,0.191925823688507,0.154337033629417,0.156680673360825
0.180713310837746,0.139364868402481,0.158210352063179,0.171147421002388,0.1816795617342,0.168884485960007
0.172619700431824,0.150139793753624,0.174151837825775,0.169438391923904,0.172424018383026,0.161226257681847
0.162761196494102,0.171083956956863,0.159303426742554,0.172344788908958,0.166485980153084,0.168020591139793
0.151962965726852,0.170087650418282,0.174614608287811,0.173289686441422,0.172516122460365,0.15752899646759
0.15524922311306,0.147284686565399,0.167194858193398,0.175656765699387,0.171640977263451,0.182973474264145
0.165627613663673,0.151364028453827,0.163029283285141,0.169756725430489,0.164419069886208,0.185803264379501
0.15742814540863,0.177681028842926,0.153950199484825,0.163824945688248,0.165560662746429,0.181555062532425
0.163546949625015,0.159277692437172,0.17225880920887,0.160824805498123,0.179559990763664,0.164531752467155
0.165820330381393,0.162515476346016,0.178041458129883,0.165557190775871,0.164343982934952,0.163721546530724
0.165048718452454,0.174287021160126,0.162729680538177,0.157494500279427,0.170604884624481,0.169835135340691
0.180095076560974,0.165589392185211,0.154763370752335,0.165469974279404,0.157701015472412,0.176381185650826
0.171181574463844,0.157211571931839,0.166579902172089,0.179104089736938,0.163397923111916,0.162524864077568
0.162044987082481,0.138701200485229,0.167497590184212,0.17268131673336,0.182734742760658,0.176340222358704
0.150666177272797,0.176023826003075,0.170557662844658,0.154868617653847,0.170827180147171,0.177056491374969
0.145180329680443,0.185958504676819,0.164560660719872,0.182254567742348,0.161353930830956,0.160692036151886
0.167924866080284,0.177530258893967,0.165054455399513,0.157555356621742,0.160773515701294,0.171161577105522
0.166765600442886,0.14801861345768,0.153245374560356,0.16922552883625,0.187711924314499,0.175032943487167
0.159023359417915,0.172181278467178,0.160792037844658,0.169355347752571,0.168953120708466,0.169694811105728
0.163689643144608,0.15697506070137,0.155058160424232,0.179107874631882,0.160961300134659,0.184207901358604
0.169197022914886,0.163562968373299,0.169307485222816,0.151548013091087,0.184025332331657,0.162359103560448
0.169464588165283,0.159569680690765,0.164972528815269,0.175927951931953,0.149294123053551,0.180771172046661
0.176646679639816,0.164317950606346,0.166570171713829,0.163431033492088,0.157093808054924,0.171940416097641
0.171453088521957,0.179589584469795,0.159875184297562,0.163842752575874,0.169033452868462,0.156205952167511
0.161977767944336,0.182614222168922,0.158202141523361,0.165677458047867,0.17356264591217,0.157965749502182
0.156011641025543,0.169286206364632,0.16289909183979,0.17355902493,0.170010656118393,0.16823336482048
0.170822769403458,0.166056945919991,0.160652101039886,0.181520074605942,0.162833735346794,0.158114299178123
0.174598187208176,0.171040311455727,0.160006150603294,0.16313262283802,0.163283258676529,0.167939499020576
0.171553373336792,0.163206830620766,0.17014068365097,0.157509699463844,0.175564751029015,0.162024676799774
0.16327665746212,0.167906984686852,0.177579432725906,0.158009797334671,0.17350372672081,0.159723371267319
0.162618830800056,0.162967801094055,0.167970299720764,0.161659941077232,0.176715537905693,0.168067514896393
0.165726840496063,0.160777166485786,0.171749129891396,0.16051273047924,0.168545201420784,0.172688916325569
0.155579030513763,0.168522864580154,0.172382310032845,0.150945514440536,0.180726811289787,0.171843409538269
0.157829716801643,0.169572934508324,0.144445151090622,0.178366035223007,0.171505302190781,0.178280904889107
0.17312479019165,0.181242674589157,0.152011007070541,0.158830732107162,0.171348765492439,0.163442090153694
0.155237108469009,0.176889345049858,0.155275583267212,0.175605744123459,0.171960934996605,0.16503132879734
0.145281672477722,0.167825058102608,0.182476595044136,0.18084280192852,0.160344734787941,0.16322910785675
0.164271950721741,0.185731470584869,0.162439405918121,0.175116643309593,0.162121906876564,0.15031860768795
0.16048838198185,0.167064264416695,0.166967540979385,0.172034054994583,0.165015488862991,0.168430268764496
0.1472487449646,0.175254493951797,0.174126371741295,0.171094998717308,0.171811133623123,0.160464257001877
0.154775306582451,0.161882862448692,0.164697632193565,0.171824187040329,0.163974419236183,0.182845577597618
0.159895703196526,0.160810843110085,0.142114609479904,0.179084718227386,0.165260016918182,0.192834183573723
0.167859971523285,0.167733624577522,0.170868918299675,0.170793876051903,0.156351253390312,0.166392371058464
0.160777509212494,0.157667398452759,0.165960863232613,0.165610700845718,0.171910509467125,0.178073078393936
0.158436894416809,0.172820448875427,0.172208413481712,0.155070677399635,0.16836079955101,0.173102721571922
0.162679001688957,0.172250777482986,0.169810235500336,0.163973674178123,0.167214021086693,0.164072275161743
0.177282050251961,0.170398116111755,0.172070756554604,0.166179314255714,0.156266495585442,0.15780320763588
0.147832706570625,0.161517634987831,0.168042689561844,0.165784239768982,0.190392673015594,0.166430070996284
0.166258454322815,0.172967433929443,0.158433675765991,0.162384256720543,0.170504927635193,0.169451311230659
0.1719139367342,0.165938317775726,0.179465413093567,0.175245404243469,0.16612634062767,0.141310587525368
0.165736094117165,0.175085440278053,0.138680070638657,0.180104732513428,0.159599244594574,0.180794417858124
0.171113222837448,0.165513291954994,0.165539532899857,0.160109952092171,0.163221478462219,0.174502566456795
0.179680615663528,0.186733320355415,0.135968059301376,0.157595798373222,0.163823843002319,0.176198378205299
0.150580227375031,0.15523487329483,0.159092515707016,0.19463849067688,0.178194537758827,0.162259384989738
0.152505040168762,0.174028992652893,0.176935315132141,0.160866692662239,0.168042719364166,0.167621299624443
0.178080484271049,0.170763149857521,0.169081464409828,0.157445549964905,0.164594739675522,0.160034611821175
0.165644496679306,0.14428286254406,0.151527211070061,0.188331618905067,0.169591426849365,0.18062236905098
0.153851792216301,0.166767477989197,0.163473069667816,0.171205475926399,0.173703819513321,0.170998364686966
0.1514533162117,0.168176382780075,0.177405431866646,0.185013711452484,0.147174820303917,0.170776396989822
0.173775896430016,0.163261458277702,0.157888978719711,0.154912233352661,0.170187920331955,0.179973497986794
0.173713505268097,0.170546531677246,0.161916002631187,0.18081097304821,0.156756848096848,0.156256213784218
0.159754186868668,0.15803062915802,0.16865599155426,0.174599304795265,0.171403706073761,0.16755622625351
0.170506075024605,0.153818711638451,0.142234534025192,0.172804281115532,0.168315887451172,0.192320540547371
0.165546745061874,0.171054378151894,0.159271970391273,0.170994773507118,0.162475720047951,0.170656427741051
0.156025767326355,0.16994121670723,0.181283101439476,0.1706672757864,0.151095822453499,0.170986860990524
0.163321241736412,0.16972254216671,0.166953876614571,0.167451903223991,0.160448178648949,0.17210228741169
0.143422082066536,0.187536731362343,0.179404333233833,0.164461597800255,0.163355350494385,0.161819979548454
0.167956709861755,0.161910563707352,0.168377920985222,0.170932933688164,0.174358248710632,0.156463548541069
0.215087920427322,0.150247067213058,0.157023683190346,0.160094782710075,0.157973751425743,0.159572780132294
0.173729985952377,0.174275204539299,0.163752272725105,0.168359473347664,0.167525485157967,0.15235760807991
0.168879643082619,0.171054914593697,0.17409336566925,0.171105057001114,0.15680105984211,0.158066019415855
0.175741448998451,0.180824533104897,0.166501626372337,0.172779053449631,0.14678618311882,0.157367140054703
0.140922710299492,0.161298140883446,0.165745735168457,0.198642149567604,0.180880129337311,0.15251113474369
0.160747841000557,0.165807455778122,0.185512557625771,0.156543985009193,0.179896473884583,0.151491791009903
0.173435434699059,0.184061259031296,0.165406584739685,0.159024819731712,0.172101691365242,0.145970240235329
0.139495402574539,0.171919792890549,0.160647690296173,0.151365205645561,0.186915263533592,0.189656659960747
0.178671091794968,0.162146002054214,0.181635573506355,0.156939834356308,0.165430694818497,0.155176803469658
0.170846670866013,0.167883738875389,0.160598188638687,0.159042805433273,0.167236819863319,0.174391761422157
0.15886178612709,0.163648143410683,0.166227862238884,0.18458317220211,0.16050212085247,0.166176959872246
0.161630734801292,0.182003080844879,0.159872516989708,0.165387630462646,0.175394043326378,0.155712008476257
0.153477609157562,0.160501703619957,0.170774891972542,0.150349393486977,0.184679642319679,0.180216759443283
0.175166308879852,0.172123074531555,0.169546946883202,0.15917757153511,0.164695590734482,0.15929052233696
0.17175717651844,0.16752327978611,0.160640582442284,0.160085380077362,0.167313113808632,0.172680422663689
0.172107964754105,0.157737135887146,0.153926953673363,0.164062634110451,0.17337766289711,0.178787708282471
0.171553254127502,0.159578204154968,0.162884265184402,0.158445104956627,0.17603375017643,0.17150542140007
0.146338611841202,0.147570252418518,0.148820281028748,0.172614455223083,0.191863402724266,0.192793026566505
0.170552849769592,0.168535590171814,0.156129479408264,0.16651639342308,0.183587729930878,0.154678001999855
0.175310596823692,0.173105493187904,0.1552704423666,0.177944213151932,0.153706789016724,0.164662390947342
0.162720426917076,0.169426530599594,0.153038293123245,0.157461315393448,0.188801661133766,0.168551757931709
0.150574028491974,0.180702447891235,0.15937440097332,0.18205526471138,0.162372142076492,0.164921671152115
0.158332139253616,0.17069149017334,0.173869460821152,0.154931724071503,0.160563632845879,0.181611597537994
0.160097301006317,0.165024682879448,0.156300812959671,0.162551894783974,0.17895570397377,0.177069589495659
0.159087955951691,0.169016614556313,0.172904580831528,0.16151724755764,0.171605035662651,0.165868639945984
0.152474492788315,0.174721986055374,0.16337676346302,0.172527670860291,0.174251943826675,0.162647128105164
0.159558326005936,0.167666405439377,0.166260823607445,0.181267663836479,0.169903770089149,0.155343040823936
0.169466063380241,0.153264984488487,0.175358712673187,0.160625442862511,0.190853238105774,0.150431618094444
0.174263134598732,0.181329280138016,0.164630249142647,0.156203359365463,0.152977705001831,0.170596286654472
0.167514085769653,0.166316747665405,0.171969264745712,0.171431764960289,0.173007220029831,0.149760961532593
0.174543410539627,0.162480965256691,0.162128612399101,0.167058423161507,0.172731772065163,0.161056861281395
0.173993930220604,0.171270251274109,0.157023712992668,0.17170749604702,0.153056114912033,0.172948464751244
0.173875272274017,0.157155007123947,0.186126679182053,0.158496588468552,0.166707023978233,0.157639384269714
0.164671808481216,0.17209555208683,0.153506815433502,0.165668293833733,0.1619863063097,0.182071179151535
0.183770656585693,0.175710946321487,0.152012169361115,0.169099882245064,0.172374546527863,0.14703181385994
0.188367441296577,0.165776416659355,0.179797574877739,0.145897194743156,0.166857242584229,0.153304174542427
0.169461026787758,0.169680327177048,0.157401606440544,0.171119064092636,0.134367227554321,0.197970777750015
0.165166839957237,0.188106149435043,0.166449636220932,0.147299036383629,0.160368889570236,0.172609448432922
0.177543073892593,0.15727610886097,0.159511059522629,0.175710946321487,0.15722781419754,0.172731012105942
0.161895900964737,0.15815731883049,0.175717681646347,0.180953606963158,0.168515533208847,0.154759913682938
0.147534996271133,0.179554760456085,0.169748365879059,0.156557202339172,0.166922271251678,0.179682403802872
0.156766772270203,0.161159783601761,0.175038993358612,0.175618097186089,0.168108537793159,0.163307785987854
0.151395216584206,0.175525680184364,0.17293906211853,0.171763390302658,0.171518430113792,0.156858205795288
0.166461020708084,0.155648216605186,0.168258249759674,0.167917415499687,0.16340734064579,0.178307831287384
0.183044016361237,0.154392838478088,0.172396183013916,0.176606610417366,0.153417751193047,0.160142540931702
0.146010249853134,0.174664929509163,0.165197670459747,0.162558943033218,0.192102640867233,0.159465625882149
0.168236136436462,0.183112934231758,0.145831927657127,0.167123928666115,0.17208331823349,0.163611710071564
0.164774671196938,0.164388686418533,0.189241603016853,0.167391896247864,0.152601972222328,0.161601200699806
0.17671874165535,0.181950747966766,0.15113328397274,0.160145923495293,0.170432418584824,0.159618884325027
0.155440211296082,0.173079013824463,0.167630299925804,0.161913931369781,0.159027621150017,0.182908937335014
0.162937566637993,0.15815643966198,0.172065615653992,0.171912491321564,0.166923835873604,0.168004021048546
0.17081592977047,0.16593499481678,0.158581659197807,0.172604396939278,0.171638503670692,0.160424545407295
0.176676988601685,0.170164987444878,0.162639617919922,0.159495741128922,0.151967167854309,0.179055482149124
0.146161496639252,0.180198386311531,0.145379975438118,0.172306835651398,0.166590765118599,0.189362451434135
0.187142372131348,0.177594155073166,0.169697463512421,0.152277484536171,0.160540446639061,0.152748063206673
0.162414565682411,0.16509060561657,0.162221536040306,0.168661072850227,0.157439708709717,0.184172555804253
0.160127624869347,0.16612896323204,0.167184963822365,0.168715313076973,0.177691325545311,0.160151839256287
0.160877168178558,0.169111162424088,0.170272767543793,0.150763094425201,0.17140494287014,0.177570879459381
0.154725462198257,0.151825413107872,0.183736279606819,0.170903727412224,0.175983786582947,0.162825360894203
0.176476061344147,0.162163257598877,0.167092368006706,0.161919012665749,0.172568470239639,0.159780770540237
0.163114964962006,0.150911271572113,0.165512070059776,0.173522755503654,0.17118775844574,0.175751179456711
0.164731875061989,0.17340387403965,0.173049986362457,0.152853280305862,0.166209384799004,0.169751539826393
0.168579295277596,0.170047789812088,0.170085355639458,0.172552436590195,0.149742349982262,0.168992787599564
0.195225924253464,0.172784313559532,0.16141951084137,0.164843037724495,0.162075266242027,0.143651887774467
0.178555279970169,0.176700115203857,0.146277382969856,0.141700819134712,0.185792282223701,0.170974090695381
0.182394132018089,0.152374163269997,0.181516602635384,0.147703841328621,0.181511625647545,0.154499724507332
0.171950295567513,0.164725005626678,0.161939978599548,0.144924700260162,0.1672173589468,0.189242631196976
0.163203239440918,0.162801787257195,0.186849758028984,0.166043132543564,0.160719990730286,0.160382077097893
0.173395380377769,0.156609982252121,0.169615432620049,0.170250207185745,0.158378481864929,0.171750515699387
0.149375319480896,0.152153983712196,0.174993962049484,0.182346433401108,0.173015281558037,0.168115064501762
0.166729375720024,0.18381442129612,0.16060608625412,0.153376579284668,0.181362822651863,0.154110684990883
0.168512016534805,0.163790047168732,0.1729566603899,0.173011317849159,0.153700709342957,0.168029263615608
0.184959143400192,0.149833559989929,0.174032941460609,0.162642419338226,0.163165524601936,0.165366366505623
0.149734482169151,0.180418342351913,0.168684542179108,0.175488069653511,0.157969072461128,0.167705520987511
0.130525007843971,0.168283611536026,0.184186369180679,0.183586850762367,0.167025238275528,0.166392877697945
0.157880365848541,0.147921204566956,0.160530522465706,0.165771439671516,0.17180398106575,0.196092426776886
0.161556035280228,0.164580166339874,0.163764610886574,0.182525888085365,0.161945521831512,0.165627837181091
0.172955468297005,0.172173097729683,0.152891486883163,0.179636478424072,0.141379505395889,0.180963918566704
0.168046489357948,0.161575585603714,0.16168799996376,0.179265081882477,0.168295755982399,0.161129057407379
0.163460731506348,0.165930613875389,0.152902498841286,0.179001420736313,0.160012155771255,0.178692564368248
0.155169203877449,0.153050974011421,0.173747941851616,0.161706253886223,0.167295664548874,0.189029976725578
0.182907149195671,0.161730021238327,0.176784053444862,0.152882114052773,0.157113879919052,0.168582782149315
0.161861851811409,0.156023144721985,0.158329144120216,0.167251467704773,0.174735993146896,0.181798368692398
0.169121414422989,0.163356080651283,0.160338699817657,0.165093615651131,0.16418345272541,0.177906721830368
0.178480714559555,0.161049067974091,0.169647991657257,0.167620539665222,0.176694318652153,0.146507367491722
0.164214938879013,0.167883589863777,0.159549504518509,0.171263813972473,0.167303785681725,0.169784367084503
0.163514137268066,0.163337722420692,0.173839285969734,0.172634899616241,0.15809291601181,0.168581068515778
0.162288412451744,0.171119064092636,0.158351197838783,0.165737971663475,0.170842856168747,0.171660527586937
0.164990395307541,0.166076421737671,0.174343079328537,0.163668051362038,0.164746880531311,0.166175201535225
0.167085558176041,0.182240918278694,0.150239750742912,0.169439092278481,0.168544560670853,0.162450134754181
0.162764102220535,0.178919494152069,0.171048879623413,0.176386639475822,0.150416165590286,0.160464704036713
0.159551948308945,0.154634192585945,0.171969264745712,0.188400819897652,0.168104022741318,0.157339721918106
0.17021618783474,0.172411218285561,0.150688856840134,0.163638323545456,0.165711596608162,0.177333846688271
0.156217381358147,0.175381019711494,0.178465530276299,0.155954912304878,0.168074831366539,0.165906310081482
0.175115033984184,0.156139373779297,0.163375377655029,0.160929203033447,0.172063425183296,0.172377616167068
0.152591899037361,0.159492805600166,0.166866272687912,0.177654549479485,0.185910925269127,0.157483488321304
0.179160892963409,0.165475010871887,0.160974502563477,0.175960958003998,0.169019237160683,0.149409458041191
0.174657002091408,0.159796386957169,0.171233922243118,0.164109498262405,0.169113859534264,0.161089301109314
0.16791495680809,0.166287839412689,0.161373406648636,0.158158212900162,0.166193664073944,0.180071949958801
0.167411834001541,0.162417635321617,0.151643946766853,0.177194461226463,0.170728892087936,0.170603230595589
0.168111398816109,0.178689137101173,0.157949984073639,0.156625136733055,0.1707783639431,0.16784593462944
0.163874983787537,0.172540470957756,0.161360561847687,0.176021426916122,0.154952153563499,0.171250373125076
0.174120008945465,0.159257903695107,0.197475969791412,0.165603846311569,0.163555160164833,0.139987111091614
0.170779630541801,0.182996317744255,0.146545588970184,0.184068486094475,0.159614160656929,0.155995830893517
0.155820325016975,0.163162156939507,0.171841442584991,0.181632220745087,0.160056367516518,0.167487487196922
0.165147602558136,0.165555745363235,0.156547471880913,0.190911501646042,0.162585780024529,0.159251868724823
0.162345066666603,0.169003665447235,0.14894050359726,0.183488473296165,0.168124705553055,0.168097570538521
0.150674358010292,0.175400584936142,0.168942898511887,0.1795554459095,0.145397812128067,0.180028900504112
0.169208914041519,0.15291890501976,0.173278942704201,0.169011101126671,0.179217040538788,0.156365022063255
0.164043173193932,0.169720113277435,0.164858281612396,0.174667477607727,0.16388176381588,0.16282919049263
0.133948892354965,0.159733906388283,0.185668602585793,0.179090067744255,0.171142756938934,0.170415759086609
0.162345111370087,0.178717762231827,0.180196195840836,0.155805721879005,0.161337196826935,0.161597982048988
0.164238557219505,0.156145006418228,0.167085915803909,0.161069586873055,0.182871758937836,0.168589159846306
0.149507835507393,0.156788095831871,0.178655058145523,0.164879858493805,0.156116127967834,0.194052994251251
0.15891307592392,0.178417429327965,0.165088504552841,0.151900097727776,0.173824623227119,0.171856313943863
0.165796682238579,0.167413845658302,0.17439278960228,0.150399997830391,0.174910023808479,0.167086631059647
0.179096385836601,0.168550416827202,0.153977960348129,0.184241563081741,0.172524183988571,0.1416095495224
0.168177559971809,0.143809899687767,0.167336761951447,0.180356353521347,0.17720077931881,0.163118541240692
0.165129035711288,0.15439684689045,0.16375470161438,0.175970762968063,0.16180831193924,0.178940415382385
0.174422726035118,0.162698984146118,0.168278649449348,0.155333697795868,0.168458163738251,0.170807793736458
0.16878117620945,0.159751459956169,0.172298088669777,0.173726573586464,0.151591375470161,0.173851311206818
0.157924354076385,0.176843270659447,0.148094803094864,0.177417203783989,0.171965584158897,0.167754799127579
0.152067318558693,0.177830070257187,0.176245391368866,0.15412999689579,0.170427352190018,0.169299870729446
0.167173475027084,0.15263144671917,0.169209882616997,0.164771765470505,0.17033477127552,0.175878629088402
0.187044069170952,0.155248910188675,0.188985899090767,0.143425613641739,0.17064094543457,0.154654517769814
0.159824311733246,0.156964257359505,0.187173888087273,0.164546877145767,0.16521680355072,0.166273921728134
0.164094671607018,0.167160779237747,0.161312907934189,0.156119599938393,0.169770359992981,0.181541636586189
0.174513936042786,0.172655776143074,0.17482978105545,0.151818364858627,0.161692827939987,0.164489343762398
0.155506521463394,0.167475715279579,0.175649911165237,0.196054726839066,0.145973280072212,0.159339845180511
0.164059534668922,0.169151499867439,0.166512280702591,0.164422482252121,0.183739960193634,0.152114287018776
0.171076610684395,0.165587186813354,0.17562572658062,0.157331839203835,0.158271208405495,0.172107383608818
0.174441903829575,0.147005975246429,0.165019780397415,0.177440792322159,0.15664578974247,0.179445788264275
0.16412316262722,0.165850937366486,0.182910293340683,0.158134743571281,0.17640183866024,0.152578994631767
0.15837773680687,0.179649278521538,0.161056727170944,0.159808680415154,0.172601655125618,0.168505892157555
0.169536620378494,0.168417751789093,0.160632148385048,0.167832136154175,0.16181455552578,0.17176678776741
0.154413998126984,0.156618714332581,0.201346933841705,0.162869736552238,0.15817579627037,0.166574820876122
0.164599284529686,0.154677793383598,0.165266662836075,0.167792558670044,0.158907741308212,0.188755944371223
0.165948167443275,0.156392529606819,0.176158219575882,0.160754799842834,0.184042677283287,0.156703531742096
0.168586820363998,0.176151782274246,0.166125640273094,0.151989907026291,0.16260090470314,0.174544960260391
0.166768416762352,0.161149874329567,0.170449197292328,0.165252551436424,0.168488159775734,0.167891800403595
0.163456857204437,0.170138746500015,0.173161208629608,0.165720984339714,0.172674924135208,0.154847219586372
0.165953084826469,0.167638510465622,0.167174682021141,0.171270161867142,0.169996157288551,0.157967418432236
0.149925097823143,0.163027286529541,0.176980599761009,0.163425102829933,0.174732998013496,0.1719089448452
0.181186601519585,0.163935080170631,0.159510180354118,0.174531027674675,0.161911517381668,0.158925592899323
0.160018011927605,0.165568813681602,0.177030369639397,0.166918784379959,0.175034672021866,0.155429348349571
0.156621977686882,0.160072281956673,0.177605360746384,0.174147665500641,0.159255057573318,0.172297641634941
0.158831417560577,0.180946454405785,0.168641924858093,0.173868060112,0.153945133090019,0.163767009973526
0.167805388569832,0.158458083868027,0.193180367350578,0.152161717414856,0.167412787675858,0.160981670022011
0.17025999724865,0.167064905166626,0.167693004012108,0.157416313886642,0.156956315040588,0.180609419941902
0.150165989995003,0.172580495476723,0.147784844040871,0.178373157978058,0.194633662700653,0.156461894512177
0.161467462778091,0.169602662324905,0.170743182301521,0.184149742126465,0.151980489492416,0.162056475877762
0.174367353320122,0.156674474477768,0.165135562419891,0.174974918365479,0.162221550941467,0.166626080870628
0.173078507184982,0.15224277973175,0.174330905079842,0.16792468726635,0.167164400219917,0.165258720517159
0.175384864211082,0.156786113977432,0.180974304676056,0.154699832201004,0.165526270866394,0.166628628969193
0.183327347040176,0.172749996185303,0.15870027244091,0.16642764210701,0.173819318413734,0.144975408911705
0.165494963526726,0.181886658072472,0.166023194789886,0.175262585282326,0.161490738391876,0.149841919541359
0.154642134904861,0.157250389456749,0.182358548045158,0.167918518185616,0.157525151968002,0.180305257439613
0.163649171590805,0.189548835158348,0.180219560861588,0.148779258131981,0.161209106445312,0.156594052910805
0.161147594451904,0.174698859453201,0.160661533474922,0.162165209650993,0.169141978025436,0.172184884548187
0.166684284806252,0.162039995193481,0.171042129397392,0.17937944829464,0.17122346162796,0.149630710482597
0.181332245469093,0.154046013951302,0.17000949382782,0.154004663228989,0.173621118068695,0.166986465454102
0.173239678144455,0.171116128563881,0.17342346906662,0.153856381773949,0.165949374437332,0.162414968013763
0.173214182257652,0.160942107439041,0.196011960506439,0.151137083768845,0.16064889729023,0.158045828342438
0.176246583461761,0.168630316853523,0.14988411962986,0.167795300483704,0.179960787296295,0.15748293697834
0.161691904067993,0.170396655797958,0.166882127523422,0.159169420599937,0.161873489618301,0.179986417293549
0.165642082691193,0.155802488327026,0.165473014116287,0.167276993393898,0.159120753407478,0.186684682965279
0.183903202414513,0.182109475135803,0.162151858210564,0.153119504451752,0.186617463827133,0.132098525762558
0.165537998080254,0.177223861217499,0.16361266374588,0.162527188658714,0.168228566646576,0.162869647145271
0.163247346878052,0.154951393604279,0.178059607744217,0.168844699859619,0.161073952913284,0.173822969198227
0.179453611373901,0.17464879155159,0.154430523514748,0.162751287221909,0.159170269966125,0.169545516371727
0.164012640714645,0.162566050887108,0.174379989504814,0.165693461894989,0.15620094537735,0.17714686691761
0.195286586880684,0.156646534800529,0.169952839612961,0.155990049242973,0.158948987722397,0.163174986839294
0.168905556201935,0.163937821984291,0.152111411094666,0.158058792352676,0.165441781282425,0.191544607281685
0.164386779069901,0.169874608516693,0.161347210407257,0.161892309784889,0.176085472106934,0.166413649916649
0.167596474289894,0.15988701581955,0.163075506687164,0.180632382631302,0.165467917919159,0.163340777158737
0.17148457467556,0.182803243398666,0.171499878168106,0.158503264188766,0.146722137928009,0.168986916542053
0.165017396211624,0.173022851347923,0.16907873749733,0.164611861109734,0.167470529675484,0.160798713564873
0.164681687951088,0.168587848544121,0.163740590214729,0.17240808904171,0.165906101465225,0.164675697684288
0.173371553421021,0.147417694330215,0.178299099206924,0.177438408136368,0.166335120797157,0.157138139009476
0.165044412016869,0.164991036057472,0.16681295633316,0.184461563825607,0.173683330416679,0.14500667154789
0.163480147719383,0.172170981764793,0.172227680683136,0.161876544356346,0.154178991913795,0.176065668463707
0.163509994745255,0.160499349236488,0.157793864607811,0.166405513882637,0.17727966606617,0.174511611461639
0.161791428923607,0.167498782277107,0.159637480974197,0.187579929828644,0.167395830154419,0.156096532940865
0.175168544054031,0.171785786747932,0.152312755584717,0.162774309515953,0.168384805321693,0.169573754072189
0.184354782104492,0.166848599910736,0.165555581450462,0.155217528343201,0.163762480020523,0.164261072874069
0.183641970157623,0.16917359828949,0.153409749269485,0.157302156090736,0.181625112891197,0.154847368597984
0.16403803229332,0.15852364897728,0.166456773877144,0.179804354906082,0.161893218755722,0.16928394138813
0.16086283326149,0.16720187664032,0.15548700094223,0.181909814476967,0.172711610794067,0.161826893687248
0.180524736642838,0.15665328502655,0.174951300024986,0.1595199406147,0.162627205252647,0.165723532438278
0.166699573397636,0.170999377965927,0.175423502922058,0.16396452486515,0.153147757053375,0.169765278697014
0.160099118947983,0.160295814275742,0.174175545573235,0.168737038969994,0.162550196051598,0.17414228618145
0.169446244835854,0.155847012996674,0.153417766094208,0.186317980289459,0.162224009633064,0.17274697124958
0.18473544716835,0.150773301720619,0.166013807058334,0.158759370446205,0.176232218742371,0.163485869765282
0.159607157111168,0.167524352669716,0.160104230046272,0.174473807215691,0.1574736982584,0.180816724896431
0.159168675541878,0.163325667381287,0.170149058103561,0.160899803042412,0.171255767345428,0.175201058387756
0.16817906498909,0.157163709402084,0.160869002342224,0.165599092841148,0.170995578169823,0.177193507552147
0.170295879244804,0.176926106214523,0.163175284862518,0.154674991965294,0.17332150042057,0.161606311798096
0.175350651144981,0.157512441277504,0.171730354428291,0.182130888104439,0.160686701536179,0.152588978409767
0.160848587751389,0.159350618720055,0.170006468892097,0.170601218938828,0.168040663003922,0.171152412891388
0.154303520917892,0.154535412788391,0.140767768025398,0.191169112920761,0.19088077545166,0.168343424797058
0.163222715258598,0.166839018464088,0.162132740020752,0.188198387622833,0.148039430379868,0.171567693352699
0.166976749897003,0.171389356255531,0.144479110836983,0.175828963518143,0.169258177280426,0.172067672014236
0.175732135772705,0.171893104910851,0.172539308667183,0.147376537322998,0.174069166183472,0.158389776945114
0.155923098325729,0.16725942492485,0.160052463412285,0.162545666098595,0.182659849524498,0.171559482812881
0.180052727460861,0.162044256925583,0.171160697937012,0.178543210029602,0.158628508448601,0.149570614099503
0.167705819010735,0.159462153911591,0.177735790610313,0.174053564667702,0.164511859416962,0.156530812382698
0.175995483994484,0.139946117997169,0.178968995809555,0.184363692998886,0.153766095638275,0.16695961356163
0.157076075673103,0.175022035837173,0.153168886899948,0.171179950237274,0.167299121618271,0.17625392973423
0.166283339262009,0.169387817382812,0.15404711663723,0.184422701597214,0.175020694732666,0.150838270783424
0.169632658362389,0.17088271677494,0.154266849160194,0.166874960064888,0.161823645234108,0.176519200205803
0.160311698913574,0.167396813631058,0.160661950707436,0.179972618818283,0.182927370071411,0.148729577660561
0.170989543199539,0.186689332127571,0.162232547998428,0.161335095763206,0.160546883940697,0.158206656575203
0.158091709017754,0.162442207336426,0.173673689365387,0.17199544608593,0.167704313993454,0.166092678904533
0.170961365103722,0.159903198480606,0.16000409424305,0.156883925199509,0.174334317445755,0.177913144230843
0.170610725879669,0.15098562836647,0.185472160577774,0.164935126900673,0.162754490971565,0.165241882205009
0.16654160618782,0.171588957309723,0.172925442457199,0.161873817443848,0.162378624081612,0.164691478013992
0.155395746231079,0.177402019500732,0.156980469822884,0.18312993645668,0.161469995975494,0.165621817111969
0.148863762617111,0.17654924094677,0.190201446413994,0.171766877174377,0.159113153815269,0.153505444526672
0.162337064743042,0.131692349910736,0.203991860151291,0.160207584500313,0.166480824351311,0.175290331244469
0.186229228973389,0.178848922252655,0.168622076511383,0.15556637942791,0.161005273461342,0.149728089570999
0.192096084356308,0.16475585103035,0.15026681125164,0.174283668398857,0.164677754044533,0.153919920325279
0.15124075114727,0.168623611330986,0.178274691104889,0.172488406300545,0.166055902838707,0.163316622376442
0.170577123761177,0.169026523828506,0.16611659526825,0.170106992125511,0.15889997780323,0.165272742509842
0.174306869506836,0.158177003264427,0.160304844379425,0.171687662601471,0.173344805836678,0.162178799510002
0.165189787745476,0.173288866877556,0.171812877058983,0.158438846468925,0.164519548416138,0.166750073432922
0.167456239461899,0.171315476298332,0.179203748703003,0.161208406090736,0.167028903961182,0.153787240386009
0.162864670157433,0.166230067610741,0.168494120240211,0.171665906906128,0.158847108483315,0.171898186206818
0.17497518658638,0.15963888168335,0.174206048250198,0.155320525169373,0.155346840620041,0.180512472987175
0.155588373541832,0.176611691713333,0.173104494810104,0.165667042136192,0.168783724308014,0.160244703292847
0.167560487985611,0.158329382538795,0.176208361983299,0.163652464747429,0.169731080532074,0.164518252015114
0.170667886734009,0.171781361103058,0.158832401037216,0.165947109460831,0.176297396421432,0.156473785638809
0.183333113789558,0.164459466934204,0.160912647843361,0.155741184949875,0.174420967698097,0.161132648587227
0.181426972150803,0.168453514575958,0.170191377401352,0.166129902005196,0.154575660824776,0.159222632646561
0.18078950047493,0.171700194478035,0.183063849806786,0.162874639034271,0.160798728466034,0.140773057937622
0.173216238617897,0.138897225260735,0.181290715932846,0.144420325756073,0.182381838560104,0.1797935962677
0.186363130807877,0.171233370900154,0.141720682382584,0.187483906745911,0.176079005002975,0.137119919061661
0.189969018101692,0.15543095767498,0.157485455274582,0.176673948764801,0.17712989449501,0.143310710787773
0.155555561184883,0.180222287774086,0.155348137021065,0.18273514509201,0.153821051120758,0.172317832708359
0.155723661184311,0.180423721671104,0.172922149300575,0.155918776988983,0.159878373146057,0.175133287906647
0.181572675704956,0.14767262339592,0.164791703224182,0.165690898895264,0.1561558842659,0.184116199612617
0.17020545899868,0.16510596871376,0.160577073693275,0.158746361732483,0.175656586885452,0.169708520174026
0.174570441246033,0.162555426359177,0.165907263755798,0.155778795480728,0.154989957809448,0.186198189854622
0.16509598493576,0.172073736786842,0.156869307160378,0.149464443325996,0.178846776485443,0.177649796009064
0.180599197745323,0.154473677277565,0.176304519176483,0.147758603096008,0.179733201861382,0.161130800843239
0.163680478930473,0.170841500163078,0.162492483854294,0.168660178780556,0.175111696124077,0.159213677048683
0.158704653382301,0.164559483528137,0.170214846730232,0.157181814312935,0.175845742225647,0.173493400216103
0.169411599636078,0.165154665708542,0.166098460555077,0.172732070088387,0.165006399154663,0.161596804857254
0.176495239138603,0.162902355194092,0.155745357275009,0.173347562551498,0.160256743431091,0.17125278711319
0.166930839419365,0.152753800153732,0.170582860708237,0.166722804307938,0.175148233771324,0.167861431837082
0.163508802652359,0.181067496538162,0.163073033094406,0.163634717464447,0.165790632367134,0.162925317883492
0.186986267566681,0.146925613284111,0.170174270868301,0.159535229206085,0.175284698605537,0.161094009876251
0.180830121040344,0.155771374702454,0.154339417815208,0.183185949921608,0.161773830652237,0.164099350571632
0.168036684393883,0.181719303131104,0.175122275948524,0.159331828355789,0.158168360590935,0.157621562480927
0.162559807300568,0.148592323064804,0.175487011671066,0.166539520025253,0.179261773824692,0.167559623718262
0.159206315875053,0.168144658207893,0.17984738945961,0.165209457278252,0.159539043903351,0.168053179979324
0.164939224720001,0.154868453741074,0.159071892499924,0.16897340118885,0.173383504152298,0.178763538599014
0.161633789539337,0.162390068173409,0.187693923711777,0.169504433870316,0.163114205002785,0.1556636095047
0.173377394676208,0.164485663175583,0.16867633163929,0.175845041871071,0.149006575345993,0.168609008193016
0.178792849183083,0.16309417784214,0.168838933110237,0.15893542766571,0.157752096652985,0.172586530447006
0.152637630701065,0.15224377810955,0.169797942042351,0.181655019521713,0.171948194503784,0.171717464923859
0.170825943350792,0.171593129634857,0.158259958028793,0.171895921230316,0.158521637320518,0.168903425335884
0.164519026875496,0.157469719648361,0.175555482506752,0.174856185913086,0.157997250556946,0.169602334499359
0.164557099342346,0.175420194864273,0.171939745545387,0.151830032467842,0.170442551374435,0.165810361504555
0.158944055438042,0.164087370038033,0.176420539617538,0.170513316988945,0.17449077963829,0.155543938279152
0.154099032282829,0.160614162683487,0.167693302035332,0.160370424389839,0.186671867966652,0.170551225543022
0.155658110976219,0.179692685604095,0.154107302427292,0.166694343090057,0.160997912287712,0.182849660515785
0.167072728276253,0.173544690012932,0.16504117846489,0.151812955737114,0.167558938264847,0.174969539046288
0.163028180599213,0.169330522418022,0.168608859181404,0.174994945526123,0.164282903075218,0.159754633903503
0.183533683419228,0.152935042977333,0.162466421723366,0.176496490836143,0.161679044365883,0.162889286875725
0.146150514483452,0.170060396194458,0.169467866420746,0.163053750991821,0.179758042097092,0.171509400010109
0.14797206223011,0.176780521869659,0.167234033346176,0.163689464330673,0.165364727377892,0.178959235548973
0.161928698420525,0.14408166706562,0.166493594646454,0.202741220593452,0.148756682872772,0.175998196005821
0.174011707305908,0.150069326162338,0.15659373998642,0.182858675718307,0.165923491120338,0.170543044805527
0.159729957580566,0.164026290178299,0.171099424362183,0.160992085933685,0.167223080992699,0.176929131150246
0.148620501160622,0.177981376647949,0.173187136650085,0.164749041199684,0.179742619395256,0.155719369649887
0.158858492970467,0.159506067633629,0.190693944692612,0.173643723130226,0.145880907773972,0.171416863799095
0.174395754933357,0.177167683839798,0.153829962015152,0.159938022494316,0.1600631326437,0.174605414271355
0.19399593770504,0.160477489233017,0.160199254751205,0.159788727760315,0.143964245915413,0.18157434463501
0.180248647928238,0.158534020185471,0.178014233708382,0.182927861809731,0.147371873259544,0.152903348207474
0.15974485874176,0.161143839359283,0.184314906597137,0.175047934055328,0.15252298116684,0.16722546517849
0.167564705014229,0.160756587982178,0.157153889536858,0.178077086806297,0.167356044054031,0.169091671705246
0.152792423963547,0.163549944758415,0.158407598733902,0.158708721399307,0.18585903942585,0.180682197213173
0.172569170594215,0.170922219753265,0.163851842284203,0.159033387899399,0.163907244801521,0.169716089963913
0.165289103984833,0.15960431098938,0.15335488319397,0.170095071196556,0.177482739090919,0.174173876643181
0.16109661757946,0.164553672075272,0.169209688901901,0.176409393548965,0.173080563545227,0.155650109052658
0.166192159056664,0.171454280614853,0.160427376627922,0.170993208885193,0.162259891629219,0.168673112988472
0.167130216956139,0.171062618494034,0.148301631212234,0.175847396254539,0.179123297333717,0.158534795045853
0.16152186691761,0.156956702470779,0.156346991658211,0.182780057191849,0.16147269308567,0.180921703577042
0.151866137981415,0.1673374325037,0.16110672056675,0.178223103284836,0.171664103865623,0.169802561402321
0.160409405827522,0.170616060495377,0.183926627039909,0.171270415186882,0.155590042471886,0.15818740427494
0.151337817311287,0.153420373797417,0.174637004733086,0.174303203821182,0.185576424002647,0.160725191235542
0.165783777832985,0.144673109054565,0.19994455575943,0.154232382774353,0.181353822350502,0.154012426733971
0.170162588357925,0.160099744796753,0.163830801844597,0.163904696702957,0.170811221003532,0.171190977096558
0.169016122817993,0.156340658664703,0.169706150889397,0.163509085774422,0.172789871692657,0.168638125061989
0.170773506164551,0.161176413297653,0.170686855912209,0.158503532409668,0.181357622146606,0.157502084970474
0.168756604194641,0.174109041690826,0.165007159113884,0.169037461280823,0.167494863271713,0.155594870448112
0.157113954424858,0.177339524030685,0.176093816757202,0.153403714299202,0.166407659649849,0.169641211628914
0.16711337864399,0.165810823440552,0.180461674928665,0.155677929520607,0.173300310969353,0.157635822892189
0.169259995222092,0.17727455496788,0.176985874772072,0.153149336576462,0.166165128350258,0.157165125012398
0.166261419653893,0.189713165163994,0.152505829930305,0.157707184553146,0.171596422791481,0.162216067314148
0.163834020495415,0.186541721224785,0.159340977668762,0.157144829630852,0.183615624904633,0.149522885680199
0.165222346782684,0.160600423812866,0.162450864911079,0.184821352362633,0.164259359240532,0.162645667791367
0.153072014451027,0.172231063246727,0.165538907051086,0.177376508712769,0.168729856610298,0.163051664829254
0.183550015091896,0.153350874781609,0.16250279545784,0.17149843275547,0.173514381051064,0.155583560466766
0.185118719935417,0.155456960201263,0.151839971542358,0.172925382852554,0.16221658885479,0.172442346811295
0.144802272319794,0.170230656862259,0.188270315527916,0.17490690946579,0.154438823461533,0.16735103726387
0.154550075531006,0.155216813087463,0.183645009994507,0.158502176403999,0.160087078809738,0.187998801469803
0.180036008358002,0.150349766016006,0.151157259941101,0.158491849899292,0.192906096577644,0.167059019207954
0.162843689322472,0.156571999192238,0.159246668219566,0.164231240749359,0.178166389465332,0.178940013051033
0.154659956693649,0.156277731060982,0.159273684024811,0.17911285161972,0.184427097439766,0.166248649358749
0.175861924886703,0.170867875218391,0.169033989310265,0.156789556145668,0.164346486330032,0.163100197911263
0.152558222413063,0.191985353827477,0.153440356254578,0.177474871277809,0.174360990524292,0.150180295109749
0.151825830340385,0.167760297656059,0.149451434612274,0.168928682804108,0.176456987857819,0.185576811432838
0.172245755791664,0.168914496898651,0.147619917988777,0.152628123760223,0.183384045958519,0.175207614898682
0.171316787600517,0.15180891752243,0.163015991449356,0.18191847205162,0.174019649624825,0.157920181751251
0.186738088726997,0.158368512988091,0.162254929542542,0.168780505657196,0.143550887703896,0.180307045578957
0.173847496509552,0.176306664943695,0.137100949883461,0.172979667782784,0.181825995445251,0.157939210534096
0.155822262167931,0.181161448359489,0.175125733017921,0.175917387008667,0.150134474039078,0.161838635802269
0.164893388748169,0.169948607683182,0.155894577503204,0.17081156373024,0.178393721580505,0.160058051347733
0.166123732924461,0.165676116943359,0.175087943673134,0.167840093374252,0.160640135407448,0.164631932973862
0.156672611832619,0.152585685253143,0.161651507019997,0.180432021617889,0.172413006424904,0.176245212554932
0.161501243710518,0.18810173869133,0.17784395813942,0.167099252343178,0.145281344652176,0.160172358155251
0.163198828697205,0.169416323304176,0.174973353743553,0.16265095770359,0.170965313911438,0.158795207738876
0.177442938089371,0.172170132398605,0.165798932313919,0.157000988721848,0.160477235913277,0.167109772562981
0.152306318283081,0.18757526576519,0.163239300251007,0.159443497657776,0.1494991928339,0.187936469912529
0.161680966615677,0.173462092876434,0.156168326735497,0.155035391449928,0.181817844510078,0.171835452318192
0.16724719107151,0.166501760482788,0.153060093522072,0.176763951778412,0.176987245678902,0.159439727663994
0.18172799050808,0.15818390250206,0.176793575286865,0.150280505418777,0.171790152788162,0.161223828792572
0.187781885266304,0.151902556419373,0.161917999386787,0.177435606718063,0.17447330057621,0.14648874104023
0.164592206478119,0.180613145232201,0.161001458764076,0.16258916258812,0.170430898666382,0.160773158073425
0.152364864945412,0.164227649569511,0.171624451875687,0.157173588871956,0.185797572135925,0.168811827898026
0.182454258203506,0.16813924908638,0.136909186840057,0.174978271126747,0.166138619184494,0.171380400657654
0.178727477788925,0.160321950912476,0.16058212518692,0.162485346198082,0.171555563807487,0.166327506303787
0.157243639230728,0.16956639289856,0.17251293361187,0.174913242459297,0.163624614477158,0.162139177322388
0.177333384752274,0.173122256994247,0.161500751972198,0.155090942978859,0.165564268827438,0.167388334870338
0.180747523903847,0.170175462961197,0.158787235617638,0.169764548540115,0.170320376753807,0.150204867124557
0.164344236254692,0.167720586061478,0.16651451587677,0.166508749127388,0.166127234697342,0.168784663081169
0.17048579454422,0.167537987232208,0.168162897229195,0.15195544064045,0.178739756345749,0.163118109107018
0.168428584933281,0.174575299024582,0.168654873967171,0.172170087695122,0.149648323655128,0.166522860527039
0.157155439257622,0.174276649951935,0.170494645833969,0.158247470855713,0.161937460303307,0.177888318896294
0.165879473090172,0.161995947360992,0.175832286477089,0.165880650281906,0.158944398164749,0.171467259526253
0.177814960479736,0.177780598402023,0.161344408988953,0.159556105732918,0.186121836304665,0.137382060289383
0.171265169978142,0.161286860704422,0.161803245544434,0.167795896530151,0.182087391614914,0.155761361122131
0.176224067807198,0.163076162338257,0.167843550443649,0.150677695870399,0.168574526906013,0.173604026436806
0.173553466796875,0.169516876339912,0.163206905126572,0.169196113944054,0.165198117494583,0.159328505396843
0.167611509561539,0.166069895029068,0.166341707110405,0.177502900362015,0.170061990618706,0.152412101626396
0.149028658866882,0.171043753623962,0.16036082804203,0.176711842417717,0.168028399348259,0.174826458096504
0.168851494789124,0.153239578008652,0.165769621729851,0.172411501407623,0.16905976831913,0.170668005943298
0.159907177090645,0.164078816771507,0.183238491415977,0.16029666364193,0.176019623875618,0.156459242105484
0.18374291062355,0.163649559020996,0.162046864628792,0.154644802212715,0.167487263679504,0.168428659439087
0.162702724337578,0.165465161204338,0.149800255894661,0.169949263334274,0.166658505797386,0.185424134135246
0.160789638757706,0.17073991894722,0.184863060712814,0.158495634794235,0.15270259976387,0.172409132122993
0.158892467617989,0.16986483335495,0.157187104225159,0.171177253127098,0.181101486086845,0.161776825785637
0.167346954345703,0.154593035578728,0.162533849477768,0.167244225740433,0.174185276031494,0.174096673727036
0.166257217526436,0.161895141005516,0.164981663227081,0.16702501475811,0.159442842006683,0.180398181080818
0.168810665607452,0.162047356367111,0.161750853061676,0.171726658940315,0.164324596524239,0.171339809894562
0.152023866772652,0.156493380665779,0.160959795117378,0.180831179022789,0.170258194208145,0.179433569312096
0.174790814518929,0.164374247193336,0.173942312598228,0.170144945383072,0.136033684015274,0.180713966488838
0.166696012020111,0.185621425509453,0.163327023386955,0.174451574683189,0.153035551309586,0.156868368387222
0.154105558991432,0.166002035140991,0.158301457762718,0.178409785032272,0.165946751832962,0.177234381437302
0.163293927907944,0.160752400755882,0.186742812395096,0.157531589269638,0.177771389484406,0.153907865285873
0.178271904587746,0.146594986319542,0.188163459300995,0.181888148188591,0.157402291893959,0.147679254412651
0.179027915000916,0.20262436568737,0.153131663799286,0.15079265832901,0.150232315063477,0.16419118642807
0.176035150885582,0.167781129479408,0.154112219810486,0.15417617559433,0.177342891693115,0.170552387833595
0.166352719068527,0.17999579012394,0.169690623879433,0.155618637800217,0.176851108670235,0.151491165161133
0.166380256414413,0.146366059780121,0.186736389994621,0.160186395049095,0.178579300642014,0.161751613020897
0.167760446667671,0.165343269705772,0.166755512356758,0.170200735330582,0.180113166570663,0.149826779961586
0.173546954989433,0.145974352955818,0.169638931751251,0.180185198783875,0.16884683072567,0.161807715892792
0.162136897444725,0.146715238690376,0.175400868058205,0.185081943869591,0.162570029497147,0.168094992637634
0.166412830352783,0.174329951405525,0.171250656247139,0.143790796399117,0.174029588699341,0.170186191797256
0.159154891967773,0.154509946703911,0.152971491217613,0.177263930439949,0.189202472567558,0.16689720749855
0.149447277188301,0.154016926884651,0.183793008327484,0.184124380350113,0.141494870185852,0.187123492360115
0.169719591736794,0.161182105541229,0.169094368815422,0.160506933927536,0.18582047522068,0.153676494956017
0.158050701022148,0.17967577278614,0.164957985281944,0.167633771896362,0.170725017786026,0.158956736326218
0.160551682114601,0.15644171833992,0.180958017706871,0.159609854221344,0.165888920426369,0.176549836993217
0.168317899107933,0.162851601839066,0.167219281196594,0.171039938926697,0.163393318653107,0.167178019881248
0.171843692660332,0.166193589568138,0.175792917609215,0.156957611441612,0.164191693067551,0.165020540356636
0.178205996751785,0.168658509850502,0.142643257975578,0.195696845650673,0.161330714821815,0.153464674949646
0.175605341792107,0.177600055932999,0.151160225272179,0.159379512071609,0.178687870502472,0.157566949725151
0.15358941257,0.162498205900192,0.159987553954124,0.183531239628792,0.165408670902252,0.174984902143478
0.17932017147541,0.165285304188728,0.15780009329319,0.154500171542168,0.170005112886429,0.173089131712914
0.178415328264236,0.13488358259201,0.165741041302681,0.187916412949562,0.169172808527946,0.163870885968208
0.157132714986801,0.175131618976593,0.167841047048569,0.167822882533073,0.178306505084038,0.153765201568604
0.173934295773506,0.158345282077789,0.163062989711761,0.171979978680611,0.166108042001724,0.166569411754608
0.154540702700615,0.186675846576691,0.163920670747757,0.178974613547325,0.164095282554626,0.151792824268341
0.168711915612221,0.142397984862328,0.193816691637039,0.165872931480408,0.163423493504524,0.165776968002319
0.160562202334404,0.179243475198746,0.166019886732101,0.168250843882561,0.155955135822296,0.169968456029892
0.174346193671227,0.16337476670742,0.16403716802597,0.172683864831924,0.16400620341301,0.161551758646965
0.153461426496506,0.185202091932297,0.1850975304842,0.159932047128677,0.162903696298599,0.153403148055077
0.168346136808395,0.154584467411041,0.176157891750336,0.156828314065933,0.171368852257729,0.172714352607727
0.159674867987633,0.15795236825943,0.16880214214325,0.17091603577137,0.163261264562607,0.179393336176872
0.179349571466446,0.16006064414978,0.177640661597252,0.169346213340759,0.168825834989548,0.144777104258537
0.161411643028259,0.159616932272911,0.160944908857346,0.179494321346283,0.174974873661995,0.1635572463274
0.141723111271858,0.179177269339561,0.179667487740517,0.160939291119576,0.16035358607769,0.178139269351959
0.175789311528206,0.179667532444,0.173372581601143,0.148096352815628,0.155099257826805,0.167974904179573
0.169237598776817,0.185332030057907,0.149437144398689,0.157462298870087,0.161773949861526,0.176757007837296
0.15661396086216,0.168102592229843,0.148320525884628,0.169653847813606,0.158088490366936,0.199220538139343
0.152516543865204,0.162831649184227,0.17941503226757,0.171683236956596,0.181126073002815,0.152427539229393
0.177655443549156,0.190864399075508,0.143882438540459,0.148218110203743,0.157696515321732,0.181683093309402
0.152396202087402,0.17522881925106,0.182552084326744,0.16946767270565,0.161114916205406,0.159240275621414
0.174308702349663,0.180058598518372,0.162746205925941,0.15997226536274,0.156337007880211,0.166577249765396
0.158720776438713,0.164970517158508,0.156749248504639,0.164516851305962,0.182089313864708,0.172953307628632
0.184701696038246,0.153649240732193,0.167684361338615,0.172610357403755,0.161038964986801,0.160315334796906
0.153883561491966,0.183698505163193,0.165560245513916,0.171652585268021,0.157947093248367,0.167258024215698
0.151277363300323,0.183557346463203,0.163741663098335,0.148197710514069,0.167333140969276,0.185892775654793
0.177701264619827,0.149598896503448,0.175528317689896,0.160080477595329,0.183189377188683,0.153901666402817
0.165399894118309,0.168827757239342,0.167556896805763,0.172165155410767,0.159830689430237,0.166219606995583
0.177156284451485,0.170936569571495,0.185253039002419,0.142659664154053,0.15899258852005,0.16500186920166
0.171843037009239,0.156985014677048,0.17444272339344,0.170165315270424,0.160594612360001,0.165969252586365
0.1733518242836,0.176129519939423,0.158495739102364,0.168129116296768,0.160896450281143,0.162997394800186
0.155524343252182,0.170924857258797,0.174214750528336,0.152947142720222,0.188830778002739,0.157558053731918
0.163772404193878,0.177578195929527,0.168581336736679,0.162610203027725,0.159540981054306,0.167916834354401
0.164140850305557,0.159549459815025,0.169349789619446,0.16769352555275,0.171660110354424,0.167606264352798
0.174367874860764,0.16798622906208,0.169304966926575,0.159581020474434,0.153116852045059,0.175643101334572
0.155961856245995,0.147494331002235,0.163414090871811,0.170138210058212,0.16896741092205,0.194024085998535
0.165038421750069,0.175766617059708,0.159167021512985,0.171420648694038,0.165385693311691,0.16322161257267
0.155978947877884,0.166573688387871,0.150469243526459,0.174406096339226,0.184816405177116,0.167755678296089
0.176699712872505,0.166158437728882,0.157523944973946,0.171308234333992,0.156683728098869,0.171625897288322
0.152021810412407,0.17195138335228,0.195125743746758,0.149484291672707,0.180596843361855,0.15081998705864
0.17658568918705,0.155591860413551,0.174156099557877,0.164349362254143,0.168690413236618,0.160626545548439
0.170636862516403,0.159236744046211,0.17205385863781,0.182878986001015,0.169386610388756,0.145806908607483
0.155132248997688,0.168989345431328,0.160852774977684,0.165831923484802,0.168500930070877,0.180692732334137
0.165336474776268,0.16314922273159,0.162033706903458,0.183867543935776,0.15273030102253,0.172882705926895
0.153870552778244,0.167573809623718,0.168578714132309,0.16671334207058,0.175130784511566,0.168132796883583
0.176023408770561,0.165033042430878,0.183828413486481,0.147937327623367,0.167658790946007,0.159519001841545
0.167428150773048,0.156446844339371,0.161940678954124,0.178883492946625,0.163214772939682,0.172086089849472
0.165529176592827,0.163832992315292,0.163947209715843,0.15408881008625,0.167265832424164,0.185335993766785
0.157231509685516,0.175259754061699,0.178801655769348,0.150339961051941,0.172043547034264,0.166323572397232
0.177470266819,0.158301115036011,0.164383322000504,0.156851127743721,0.169659495353699,0.173334687948227
0.165077924728394,0.163600355386734,0.178959473967552,0.180270195007324,0.149042099714279,0.163049906492233
0.166637733578682,0.17837880551815,0.164509505033493,0.160422444343567,0.163946807384491,0.16610461473465
0.184865176677704,0.166975617408752,0.169483721256256,0.172447606921196,0.156715258955956,0.149512693285942
0.170640408992767,0.160648539662361,0.177417919039726,0.169636368751526,0.167498022317886,0.154158711433411
0.163955062627792,0.160824969410896,0.160121902823448,0.162334114313126,0.176843509078026,0.175920397043228
0.171188786625862,0.179791033267975,0.178751349449158,0.171405643224716,0.14273601770401,0.156127169728279
0.164785549044609,0.167768478393555,0.177293345332146,0.164189711213112,0.163016080856323,0.162946850061417
0.177007496356964,0.158383041620255,0.160104781389236,0.184062451124191,0.1566002368927,0.163841977715492
0.175490751862526,0.169472023844719,0.163137122988701,0.16991625726223,0.168342724442482,0.153641119599342
0.18540221452713,0.145456150174141,0.167718902230263,0.155851349234581,0.168260961771011,0.17731037735939
0.159372836351395,0.160005003213882,0.176249846816063,0.163258701562881,0.168855592608452,0.172257989645004
0.182929381728172,0.15487302839756,0.160237342119217,0.170833677053452,0.157823354005814,0.173303201794624
0.166803061962128,0.175473064184189,0.165690138936043,0.162812486290932,0.155335783958435,0.173885509371758
0.167190685868263,0.163098871707916,0.160304591059685,0.163785040378571,0.175354510545731,0.170266300439835
0.166417688131332,0.163585498929024,0.164692178368568,0.178640991449356,0.14986552298069,0.176798164844513
0.154247000813484,0.146714523434639,0.176255941390991,0.174522235989571,0.168485999107361,0.179774299263954
0.150432169437408,0.171269729733467,0.165469348430634,0.177063137292862,0.161308467388153,0.174457207322121
0.165408194065094,0.163313016295433,0.160746157169342,0.173693433403969,0.16796001791954,0.168879255652428
0.172508269548416,0.175774246454239,0.170162498950958,0.151400119066238,0.163827300071716,0.166327551007271
0.158681824803352,0.151856929063797,0.175034612417221,0.181278437376022,0.159876331686974,0.173271894454956
0.166209682822227,0.17192454636097,0.164589047431946,0.161245971918106,0.171546638011932,0.164484098553658
